245,251,256,258,259
245,251,256,258
245,251,253,258,259
245,251,253,258
245,251,253
243,249,254,255,256,258,259
243,249,254,255,256,258
243,249,254,255,257,258,259
243,249,254,255,257,258
243,249,250,251,256,258,259
243,249,250,251,256,258
243,249,250,251,253,258,259
243,249,250,251,253,258
243,249,250,251,253
243,249,250,255,256,258,259
243,249,250,255,256,258
243,249,250,255,257,258,259
243,249,250,255,257,258
243,249,250,252,253,258,259
243,249,250,252,253,258
243,249,250,252,253
243,249,250,252,257,258,259
243,249,250,252,257,258
241,243,249,254,255,256,258,259
241,243,249,254,255,256,258
241,243,249,254,255,257,258,259
241,243,249,254,255,257,258
241,243,249,250,251,256,258,259
241,243,249,250,251,256,258
241,243,249,250,251,253,258,259
241,243,249,250,251,253,258
241,243,249,250,251,253
241,243,249,250,255,256,258,259
241,243,249,250,255,256,258
241,243,249,250,255,257,258,259
241,243,249,250,255,257,258
241,243,249,250,252,253,258,259
241,243,249,250,252,253,258
241,243,249,250,252,253
241,243,249,250,252,257,258,259
241,243,249,250,252,257,258
241,246,249,254,255,256,258,259
241,246,249,254,255,256,258
241,246,249,254,255,257,258,259
241,246,249,254,255,257,258
241,246,249,250,251,256,258,259
241,246,249,250,251,256,258
241,246,249,250,251,253,258,259
241,246,249,250,251,253,258
241,246,249,250,251,253
241,246,249,250,255,256,258,259
241,246,249,250,255,256,258
241,246,249,250,255,257,258,259
241,246,249,250,255,257,258
241,246,249,250,252,253,258,259
241,246,249,250,252,253,258
241,246,249,250,252,253
241,246,249,250,252,257,258,259
241,246,249,250,252,257,258
241,246,247,250,251,256,258,259
241,246,247,250,251,256,258
241,246,247,250,251,253,258,259
241,246,247,250,251,253,258
241,246,247,250,251,253
241,246,247,250,255,256,258,259
241,246,247,250,255,256,258
241,246,247,250,255,257,258,259
241,246,247,250,255,257,258
241,246,247,250,252,253,258,259
241,246,247,250,252,253,258
241,246,247,250,252,253
241,246,247,250,252,257,258,259
241,246,247,250,252,257,258
241,246,247,248,252,253,258,259
241,246,247,248,252,253,258
241,246,247,248,252,253
241,246,247,248,252,257,258,259
241,246,247,248,252,257,258
240,241,243,249,254,255,256,258,259
240,241,243,249,254,255,256,258
240,241,243,249,254,255,257,258,259
240,241,243,249,254,255,257,258
240,241,243,249,250,251,256,258,259
240,241,243,249,250,251,256,258
240,241,243,249,250,251,253,258,259
240,241,243,249,250,251,253,258
240,241,243,249,250,251,253
240,241,243,249,250,255,256,258,259
240,241,243,249,250,255,256,258
240,241,243,249,250,255,257,258,259
240,241,243,249,250,255,257,258
240,241,243,249,250,252,253,258,259
240,241,243,249,250,252,253,258
240,241,243,249,250,252,253
240,241,243,249,250,252,257,258,259
240,241,243,249,250,252,257,258
240,241,246,249,254,255,256,258,259
240,241,246,249,254,255,256,258
240,241,246,249,254,255,257,258,259
240,241,246,249,254,255,257,258
240,241,246,249,250,251,256,258,259
240,241,246,249,250,251,256,258
240,241,246,249,250,251,253,258,259
240,241,246,249,250,251,253,258
240,241,246,249,250,251,253
240,241,246,249,250,255,256,258,259
240,241,246,249,250,255,256,258
240,241,246,249,250,255,257,258,259
240,241,246,249,250,255,257,258
240,241,246,249,250,252,253,258,259
240,241,246,249,250,252,253,258
240,241,246,249,250,252,253
240,241,246,249,250,252,257,258,259
240,241,246,249,250,252,257,258
240,241,246,247,250,251,256,258,259
240,241,246,247,250,251,256,258
240,241,246,247,250,251,253,258,259
240,241,246,247,250,251,253,258
240,241,246,247,250,251,253
240,241,246,247,250,255,256,258,259
240,241,246,247,250,255,256,258
240,241,246,247,250,255,257,258,259
240,241,246,247,250,255,257,258
240,241,246,247,250,252,253,258,259
240,241,246,247,250,252,253,258
240,241,246,247,250,252,253
240,241,246,247,250,252,257,258,259
240,241,246,247,250,252,257,258
240,241,246,247,248,252,253,258,259
240,241,246,247,248,252,253,258
240,241,246,247,248,252,253
240,241,246,247,248,252,257,258,259
240,241,246,247,248,252,257,258
